study_col,study_id,n_rows_study,cache_status,auto_retry_triggered,convergence_pass,delta_pooled_mean,delta_pooled_hdi_width,influence_score,candidate_elpd_loo,candidate_waic,information_criteria_note,delta_beta_metal[Cd (II)_vs_As (III)]_mean,delta_beta_metal[Cd (II)_vs_As (III)]_hdi_width,sign_changed_beta_metal[Cd (II)_vs_As (III)],contains_zero_changed_beta_metal[Cd (II)_vs_As (III)],delta_beta_metal[Cr (VI)_vs_As (III)]_mean,delta_beta_metal[Cr (VI)_vs_As (III)]_hdi_width,sign_changed_beta_metal[Cr (VI)_vs_As (III)],contains_zero_changed_beta_metal[Cr (VI)_vs_As (III)],delta_beta_metal[Cu (II)_vs_As (III)]_mean,delta_beta_metal[Cu (II)_vs_As (III)]_hdi_width,sign_changed_beta_metal[Cu (II)_vs_As (III)],contains_zero_changed_beta_metal[Cu (II)_vs_As (III)],delta_beta_metal[Hg (II)_vs_As (III)]_mean,delta_beta_metal[Hg (II)_vs_As (III)]_hdi_width,sign_changed_beta_metal[Hg (II)_vs_As (III)],contains_zero_changed_beta_metal[Hg (II)_vs_As (III)],delta_beta_metal[Mn (II)_vs_As (III)]_mean,delta_beta_metal[Mn (II)_vs_As (III)]_hdi_width,sign_changed_beta_metal[Mn (II)_vs_As (III)],contains_zero_changed_beta_metal[Mn (II)_vs_As (III)],delta_beta_metal[Ni (II)_vs_As (III)]_mean,delta_beta_metal[Ni (II)_vs_As (III)]_hdi_width,sign_changed_beta_metal[Ni (II)_vs_As (III)],contains_zero_changed_beta_metal[Ni (II)_vs_As (III)],delta_beta_metal[Pb (II)_vs_As (III)]_mean,delta_beta_metal[Pb (II)_vs_As (III)]_hdi_width,sign_changed_beta_metal[Pb (II)_vs_As (III)],contains_zero_changed_beta_metal[Pb (II)_vs_As (III)],delta_beta_metal[Zn (II)_vs_As (III)]_mean,delta_beta_metal[Zn (II)_vs_As (III)]_hdi_width,sign_changed_beta_metal[Zn (II)_vs_As (III)],contains_zero_changed_beta_metal[Zn (II)_vs_As (III)],delta_beta_polymer[Mix_vs_HDPE]_mean,delta_beta_polymer[Mix_vs_HDPE]_hdi_width,sign_changed_beta_polymer[Mix_vs_HDPE],contains_zero_changed_beta_polymer[Mix_vs_HDPE],delta_beta_polymer[PA_vs_HDPE]_mean,delta_beta_polymer[PA_vs_HDPE]_hdi_width,sign_changed_beta_polymer[PA_vs_HDPE],contains_zero_changed_beta_polymer[PA_vs_HDPE],delta_beta_polymer[PBAT_vs_HDPE]_mean,delta_beta_polymer[PBAT_vs_HDPE]_hdi_width,sign_changed_beta_polymer[PBAT_vs_HDPE],contains_zero_changed_beta_polymer[PBAT_vs_HDPE],delta_beta_polymer[PBS_vs_HDPE]_mean,delta_beta_polymer[PBS_vs_HDPE]_hdi_width,sign_changed_beta_polymer[PBS_vs_HDPE],contains_zero_changed_beta_polymer[PBS_vs_HDPE],delta_beta_polymer[PBT_vs_HDPE]_mean,delta_beta_polymer[PBT_vs_HDPE]_hdi_width,sign_changed_beta_polymer[PBT_vs_HDPE],contains_zero_changed_beta_polymer[PBT_vs_HDPE],delta_beta_polymer[PE_vs_HDPE]_mean,delta_beta_polymer[PE_vs_HDPE]_hdi_width,sign_changed_beta_polymer[PE_vs_HDPE],contains_zero_changed_beta_polymer[PE_vs_HDPE],delta_beta_polymer[PET_vs_HDPE]_mean,delta_beta_polymer[PET_vs_HDPE]_hdi_width,sign_changed_beta_polymer[PET_vs_HDPE],contains_zero_changed_beta_polymer[PET_vs_HDPE],delta_beta_polymer[PLA_vs_HDPE]_mean,delta_beta_polymer[PLA_vs_HDPE]_hdi_width,sign_changed_beta_polymer[PLA_vs_HDPE],contains_zero_changed_beta_polymer[PLA_vs_HDPE],delta_beta_polymer[PMMA_vs_HDPE]_mean,delta_beta_polymer[PMMA_vs_HDPE]_hdi_width,sign_changed_beta_polymer[PMMA_vs_HDPE],contains_zero_changed_beta_polymer[PMMA_vs_HDPE],delta_beta_polymer[PP_vs_HDPE]_mean,delta_beta_polymer[PP_vs_HDPE]_hdi_width,sign_changed_beta_polymer[PP_vs_HDPE],contains_zero_changed_beta_polymer[PP_vs_HDPE],delta_beta_polymer[PS_vs_HDPE]_mean,delta_beta_polymer[PS_vs_HDPE]_hdi_width,sign_changed_beta_polymer[PS_vs_HDPE],contains_zero_changed_beta_polymer[PS_vs_HDPE],delta_beta_polymer[PVC_vs_HDPE]_mean,delta_beta_polymer[PVC_vs_HDPE]_hdi_width,sign_changed_beta_polymer[PVC_vs_HDPE],contains_zero_changed_beta_polymer[PVC_vs_HDPE],delta_beta_polymer[TPU_vs_HDPE]_mean,delta_beta_polymer[TPU_vs_HDPE]_hdi_width,sign_changed_beta_polymer[TPU_vs_HDPE],contains_zero_changed_beta_polymer[TPU_vs_HDPE],delta_beta_polymer[nylon_vs_HDPE]_mean,delta_beta_polymer[nylon_vs_HDPE]_hdi_width,sign_changed_beta_polymer[nylon_vs_HDPE],contains_zero_changed_beta_polymer[nylon_vs_HDPE],delta_beta_aging[Virgin_vs_Aged]_mean,delta_beta_aging[Virgin_vs_Aged]_hdi_width,sign_changed_beta_aging[Virgin_vs_Aged],contains_zero_changed_beta_aging[Virgin_vs_Aged],delta_beta_Temp_mean,delta_beta_Temp_hdi_width,sign_changed_beta_Temp,contains_zero_changed_beta_Temp,delta_sigma_study_mean,delta_sigma_study_hdi_width,sign_changed_sigma_study,contains_zero_changed_sigma_study,delta_sigma_residual_mean,delta_sigma_residual_hdi_width,sign_changed_sigma_residual,contains_zero_changed_sigma_residual
Study_ID_numeric,49,6,hit,False,True,-0.054353460142509746,0.0015072762073948809,0.9908651366812037,-316.4707158332358,-311.6376136599894,LOSO information criteria are reported only as reduced-dataset exploratory values and are not directly comparable to the full-data baseline.,-0.12921813857727277,-0.012765298206018905,False,False,0.9908651366812037,1.3892995081833757,True,False,-0.15584993565036048,-0.014324911756541159,False,False,-0.023547473386369422,0.00981382127892605,False,False,0.007772531485375461,0.08804177579483419,False,False,-0.14110017750118595,0.00024578205930803065,False,False,-0.13176033143338856,-0.00850902427441902,False,False,-0.1387392390234304,-0.03350503186387499,False,False,-0.039446092985774506,-0.11179467599025239,False,False,-0.05658538978222016,-0.09907598378804083,False,False,0.09224040633998243,-0.08104175973663796,False,False,0.051188915066129936,-0.11051699725356912,False,False,0.09979459126858581,0.013267762047051157,False,False,-0.04137365679714533,-0.08620189870821715,False,False,-0.04757429101192395,-0.08498869768792394,False,False,-0.05361322063553464,-0.07456262448529749,False,False,-0.05402194338229427,-0.036649356980885006,False,False,-0.04665417893967988,-0.09962210823304396,False,False,-0.06766911980088952,-0.07800624675900636,False,False,0.0008605931510750064,-0.029546995485877137,False,False,0.0806990467646243,-0.007084831689392779,False,False,0.042758746227821026,-0.07472341993450993,False,False,0.002698370621407209,0.0048053223328522465,False,False,0.0018766789990281169,0.009985674573171094,False,True,-0.0445179397355282,-0.024100515252554855,False,False,0.004188958839356105,0.003202773850821461,False,False
Study_ID_numeric,25,35,hit,False,True,0.05815479800812451,0.019479352635947578,0.9252046801549798,-298.62338148370577,-293.9926654252312,LOSO information criteria are reported only as reduced-dataset exploratory values and are not directly comparable to the full-data baseline.,0.14851789115941072,0.13346732217283508,True,False,0.051073539048553496,0.07176733480123687,False,False,0.0014692428807934026,0.11198976294264407,False,False,0.009173195730995065,0.05325730345712021,False,False,0.0002733221462871416,0.09825151338745197,False,False,-0.9252046801549798,0.5584740021123165,False,False,0.1728755336118386,0.19146117281128427,False,False,-0.512949843271835,0.3546127294716981,False,False,-0.011004730191083612,0.008542846083655409,False,False,0.02654983576031078,-0.09761684704882745,False,False,0.08010713054616231,-0.11386827875483974,False,False,-0.017961701193135837,-0.017427108764030308,False,False,-0.035725922596644644,-0.137703687312567,False,False,0.03082251705044231,-0.08874181598867281,False,False,0.04549291783363241,-0.07372743536361215,False,False,0.033229194245504634,-0.09280590699705682,False,False,0.013154074071753563,-0.06833021464894484,False,False,0.03480282708475463,-0.09946501064598356,False,False,0.042790662795430257,-0.08244787049477686,False,False,0.039430458833801446,-0.05020706078456483,False,False,0.045809630713989864,-0.1055427726931395,False,False,-0.04935027939335651,-0.09179119639712674,False,False,-0.02863938411269429,0.0284168136118782,False,False,-0.00462690495534078,0.02518778690807713,False,True,-0.003597633019806201,0.0014616607167587947,False,False,0.02812042211834609,0.014500403500674386,False,False
Study_ID_numeric,13,2,hit,False,True,-0.013517411084063014,-0.002018782148788034,0.9047030063167381,-318.68755383813306,-313.832945671434,LOSO information criteria are reported only as reduced-dataset exploratory values and are not directly comparable to the full-data baseline.,-0.04420060598817605,0.5664534700002104,False,False,0.007525291140398349,0.5062341556951724,False,False,-0.024801555829683873,0.5062740179316649,False,False,-0.009398521369794022,0.2826379377453012,False,False,-0.01181709725837879,-0.00469405882610463,False,False,-0.033772665462385,0.48245142242581407,False,False,-0.01961613366826065,0.5059059248842788,False,False,-0.026387326576482475,0.4786404324642821,False,False,0.0864420337321603,-0.006084192714607806,False,False,0.09389093211269783,-0.05918641751599285,False,False,0.10546029586001393,-0.006451682503390899,False,False,-0.9047030063167381,0.9857265402652242,True,False,0.07756568108224271,-0.010777922289317843,False,False,0.08954804038461006,-0.02665905904769872,False,False,0.09378447340691504,-0.07067466268240974,False,False,0.0943609028951039,-0.03707285008584282,False,False,0.08452038070594936,-0.06960903787541994,False,False,0.09466076666005765,-0.11395852193447986,False,False,0.09650828043032089,-0.054342225728509774,False,False,0.0909725479473611,-0.015085097913861034,False,False,0.06216559057264081,-0.011026333751511075,False,False,0.06569302928910842,-0.05600254686516681,False,False,-0.004111722978924592,-0.004792457995534627,False,False,0.0008199944931567837,0.0009519784903604944,False,False,-0.020633890626682305,-0.0007948615078090526,False,False,0.0012502774759759472,-0.00038570375064617135,False,False
Study_ID_numeric,1,6,hit,False,True,-0.04829193361513262,-0.00343987771468246,0.8075521702319042,-307.5296186203318,-302.8591850325134,LOSO information criteria are reported only as reduced-dataset exploratory values and are not directly comparable to the full-data baseline.,-0.013545436481936672,0.015089271377414448,False,False,-0.013229286816029084,0.09017572944629615,False,False,-0.019443278901167343,0.02519955260722151,False,False,0.006445749289364144,-0.15632201579061578,False,False,-0.04637693216364676,-0.09888549368295241,False,False,-0.024188154777698034,-0.011014454666383067,False,False,-0.01900498486122404,0.010273925622177327,False,False,-0.016835363511753174,0.008723245630623655,False,False,0.051904492615930664,-0.10369407153666765,False,True,0.08366461955566373,0.010531318011330448,False,False,-0.8075521702319042,1.0021153933465978,True,False,0.06502191903495608,0.028132341013030526,False,False,0.0350709354346046,-0.07001010372343153,False,False,0.07902333242609166,0.020251158099831912,False,False,0.09165528475332241,0.02966661573928686,False,False,0.09334920487783782,0.012214077987626304,False,False,0.08320836128767761,-0.047590140781137436,False,False,0.08490493894039539,-0.035972542514195016,False,False,0.08865399665360679,0.013092327621371247,False,False,0.07768244877239439,0.045607496194076,False,False,0.04668915329631316,0.2475091460773422,False,False,0.043728095563441316,-0.10117465547599824,False,False,-0.027924787224643866,0.005748304327006515,False,False,0.00011672123742295648,0.0036391056733342253,False,False,-0.010318263581944764,-0.003447629744264713,False,False,-0.012758507534183283,-0.0023237335811348014,False,False
Study_ID_numeric,17,3,hit,False,True,0.00304658335952368,-0.003661607181102866,0.7977534006162975,-316.6504925983072,-311.62991538936444,LOSO information criteria are reported only as reduced-dataset exploratory values and are not directly comparable to the full-data baseline.,0.028853894768177922,0.041002666427581325,True,False,0.038020436616307496,-0.0193415318851482,False,False,0.033776351498514295,0.030376888736042496,True,False,0.03574703425269821,-0.0035738309410193736,False,False,-0.025164401384961343,-0.05276690739818868,False,False,0.027836686890614498,-0.025466518282930117,False,False,0.04473659186726814,0.03609683884230197,False,False,0.03691738084807951,0.011852967776710077,False,False,-0.053732110652120024,-0.03797714337473357,False,False,-0.07648579279484724,-0.011887665949418924,False,False,-0.076746123799809,-0.002926580100162113,False,False,0.7977534006162975,0.8856693178330737,False,False,-0.03738353182485721,-0.17733136404744432,False,False,-0.07579596929135768,0.028174089160414084,False,False,-0.07080091643151804,0.06296720724664961,False,False,-0.07313429400459504,0.004933750595733866,False,False,-0.07424262497359846,0.057638282099162996,False,False,-0.07139542220834155,-0.0074454065751554666,False,False,-0.07350924233349987,0.018876584777549166,False,False,-0.07365825617565039,0.03544569517136731,False,False,-0.058955781272520005,-0.07521678048585301,True,False,-0.07296631983349275,-0.10185930161831536,False,False,0.018253487088950027,-0.006738360955213241,False,False,-0.0001582066918968117,0.004659606096892394,False,False,-0.01928927652366097,-0.009450349566708205,False,False,-0.0013450922283918532,0.00017649739633351924,False,False
Study_ID_numeric,34,2,hit,False,True,0.0046660209846294265,-0.003236304074976104,0.7415797654981915,-317.97053346241887,-313.6612277428253,LOSO information criteria are reported only as reduced-dataset exploratory values and are not directly comparable to the full-data baseline.,-0.01927988020064169,-0.01645423453878525,False,False,2.991775423621945e-06,0.003204374622630013,False,False,-0.017217543052616656,-0.048273505338658484,False,False,-0.06092598531631577,0.2307540342153409,False,False,-0.047976905921612314,-0.03761582319826662,False,False,-0.021726375657621755,-0.053367888191608426,False,False,-0.017721402044305945,-0.048791976413401716,False,False,-0.017644404565024696,-0.03439685487226063,False,False,-0.03231264454998528,-0.04173485387004927,False,False,-0.024918685582842603,-0.015922431258296843,False,False,0.7415797654981915,0.9650900416276773,False,False,-0.02930823181322692,0.10606277265758912,False,False,-0.00963362129137324,-0.061283161369105166,False,False,-0.02613320869480762,0.00976523053369327,False,False,-0.017649659444567645,-0.01773444778699096,False,False,-0.018585506833026733,-0.005807828568818785,False,False,-0.018905363514745532,-0.033788348572115545,False,False,-0.021038494607459934,0.012451455679669987,False,False,-0.020959809955423125,-0.030532547629351647,False,False,-0.023459242977382277,-0.0009151453156786005,False,False,-0.008579898896049792,0.2148345303156196,False,False,-0.02517467032671128,-0.048372164495860126,False,False,-0.004422924481103263,0.0025449483835356945,False,False,-0.0005851522221543143,0.005799908780946966,False,False,-0.007734935726020797,0.004892930387697669,False,False,0.0006131090127157179,0.001542475372769192,False,False
Study_ID_numeric,5,5,hit,False,True,0.05559495467460174,0.0010207370923289716,0.47503227425489136,-315.06795544170086,-310.2554615995376,LOSO information criteria are reported only as reduced-dataset exploratory values and are not directly comparable to the full-data baseline.,-0.04482637663678219,0.020446410492946487,False,False,-0.05497031801704155,0.07733800046170769,False,False,-0.05188113033846766,0.014301611342471432,False,False,0.47503227425489136,0.5813665174698794,False,False,-0.04825307416712141,0.09059486083628254,False,False,-0.0503808897172503,0.008228996299304292,False,False,-0.050120607560270036,0.029926079186710197,False,False,-0.045002601975296264,-0.04097369673969409,False,False,0.04275402615777679,-0.06732008596176575,False,True,0.10376156368868072,-0.04499654447092771,False,False,0.06253709101227972,-0.11295299741837717,False,False,0.015021696240712035,0.1565320473280618,False,False,0.005514840655820308,-0.0735417856905034,False,False,0.004657850431069921,-0.03897044738160904,False,False,-0.014661908816627545,-0.005644592758316858,False,False,0.13759105819675266,-0.023473891038064743,False,False,0.0471496124475575,-0.028237150000481215,False,False,0.02427475667805512,-0.05096024200236782,False,False,0.038705101399394704,-0.03033702037489938,False,False,-0.010871282385682302,-0.008934800954225608,False,False,0.018193369953908432,0.28962095642237173,False,False,0.04982064321274242,-0.0701279377594215,False,False,-0.0031228397964063737,-0.006688088977007733,False,False,0.0018033339422286188,0.0028688837855974925,False,False,0.02196181336643588,-0.004158086588618826,False,False,-0.0006564259755753588,0.0003797858164691359,False,False
Study_ID_numeric,16,6,hit,False,True,0.07128347021685144,-0.0030784917957120683,0.4379530693494855,-308.0524752465052,-303.08693220844305,LOSO information criteria are reported only as reduced-dataset exploratory values and are not directly comparable to the full-data baseline.,-0.01256611456845845,0.04245113936202838,False,False,-0.022753336227886556,0.06428417885353133,False,False,-0.01807510859927132,0.034004117693503755,False,False,0.4379530693494855,0.547010135892231,False,False,-0.056802821791264446,0.1639503695725777,False,False,-0.018033984371350176,0.021889344544460787,False,False,-0.01814331616296261,0.0547859924247156,False,False,-0.014062296332532018,0.03274637257281965,False,False,0.057584221223704546,-0.08104802623650809,False,True,0.006350789756527697,-0.010544169380271029,False,False,0.02584622915260565,0.0545305643677132,False,False,0.01682779539962076,-0.09672837151775227,False,False,0.010199961229967469,0.14297897489706646,False,False,0.023290161358431094,-0.005415144234012015,False,False,-0.0059317195676770185,-0.026020653653474834,False,False,0.022646854954426865,0.034485802535858756,False,False,0.019461348166279147,-0.03969301622383936,False,False,0.0047825077621811984,-0.0071613927828493296,False,False,-0.010784135096828906,-0.0003378626564418674,False,False,-0.013327371123273452,0.030713544290974504,False,False,-0.014323890594821219,0.11759990495708905,False,False,0.014693097066516253,-0.07247808333489125,False,False,0.047647270048184476,-0.003096313415056673,False,False,0.0011357733074709303,-0.0012952280054912557,False,False,0.014461179103799848,-0.005485628008127907,False,False,-0.012528331526778902,-0.000940325805180775,False,False
Study_ID_numeric,3,7,hit,False,True,-0.07774344282046908,0.00607386222785955,0.3045516566494997,-314.1302721995976,-309.5203850731981,LOSO information criteria are reported only as reduced-dataset exploratory values and are not directly comparable to the full-data baseline.,0.26039773906814945,0.043551483686878,True,False,0.3045516566494997,0.05652217325404063,False,False,0.27413701011049624,0.02074226397738732,True,False,0.23842072596932207,0.0464589013270853,False,False,0.17860105105755436,-0.2085661183593368,False,False,0.2634208852336534,0.0308379454244192,True,False,0.2787790534771676,0.026393310466925612,False,False,0.2690631394827606,0.03656745460004007,True,False,-0.03151743814621044,-0.023991722056178055,False,False,-0.03296291905749649,-0.03568637578704381,False,False,0.039102747111012026,-0.05156101636149302,False,False,0.07253094122139236,-0.18086657954443375,False,False,0.0768033742942853,-0.10983048913135196,False,False,-0.029902722122984393,0.0015728145576101582,False,False,-0.027959477614994954,-0.016676654959643322,False,False,-0.027968005999865375,2.0379935537828686e-05,False,False,-0.040145042109540785,-0.05621743275926283,False,False,-0.031370495037463975,-0.018703546182825992,False,False,-0.03918645664643522,-0.021738957709836804,False,False,-0.025547170348031695,-0.014746108976777972,False,False,0.024670956189175634,0.03363862052323441,False,False,0.04502483761599341,-0.16819478565833723,False,False,-0.0037150667846123087,-0.0025980647706156934,False,False,0.0020134799112894314,0.009796551745884952,False,False,-0.06222879542216475,-0.021740314131280636,False,False,0.002637049961500937,3.175325194415546e-05,False,False
Study_ID_numeric,50,11,hit,False,True,0.15868246239049277,-0.0036162889309423463,0.2848878822579164,-298.6492431626997,-293.6258420515844,LOSO information criteria are reported only as reduced-dataset exploratory values and are not directly comparable to the full-data baseline.,-0.044115263581223106,0.0003437789596461016,False,False,-0.03412160108533968,0.027599331311811692,False,False,-0.0267942492742657,-0.017686666819029195,False,False,-0.2848878822579164,-0.06974368127702668,False,False,-0.13873165267834167,-0.13072865168021863,False,False,-0.042012995474011106,-0.06262568773267851,False,False,-0.03527227427684998,0.005328518475188115,False,False,-0.03794662307166202,-0.018815409520481108,False,False,0.031112269284624405,-0.126327840346371,False,True,0.07973574498521352,-0.11060760301980777,False,False,-0.026810252267361223,-0.29510186675381256,False,False,-0.03721581061001816,-0.20065136712162435,False,False,0.06216792751140421,-0.19982351806673915,False,False,0.08001135612760052,-0.09085269920258554,False,False,0.09648080901036615,-0.07256926623974902,False,False,0.08012857942974494,-0.09583986396504551,False,False,0.06216764618129256,-0.09032388996245677,False,False,0.15102037694112924,-0.08074019044810177,False,False,0.09672329627149273,-0.08937188543435148,False,False,0.09081323562490039,-0.07375648034796312,False,False,-0.031999374998382894,-0.03639368173219637,False,False,-0.06650405192907224,-0.26083689227986806,False,False,-0.07307345075398564,-0.014408863815408457,False,False,0.0015466463400877067,0.00045494893142389303,False,False,-0.1441103064420366,-0.04096649597613111,False,False,-0.022715435246290272,-0.0031979908475079366,False,False
Study_ID_numeric,29,30,hit,False,True,0.27691018513086973,0.013323839095291667,0.27691018513086973,-301.5938177281814,-296.93519138179397,LOSO information criteria are reported only as reduced-dataset exploratory values and are not directly comparable to the full-data baseline.,-0.044219684293684704,0.06765066862706703,False,False,-0.050856031731946194,0.181372543155371,False,False,-0.08450912541324367,0.07766623119959304,False,False,-0.13161965962167388,0.0283335733570933,False,False,-0.09620083349350764,-0.0010690650265487989,False,False,-0.04936279495002749,0.02524484868661636,False,False,0.04510074067163433,0.05543445040112971,False,False,-0.04254638226066834,0.07642604579919388,False,False,0.019298641308493902,0.05801095635193976,False,True,0.04718426959644739,-0.0039275122654887085,False,False,0.015895839324211347,-0.09319619851024363,False,False,-0.04840333627793894,-0.1897204818213183,False,False,0.018748956318196175,-0.13021252104415382,False,False,0.049176499542159025,-0.016312715098746544,False,False,0.058757379612170535,0.010195610867544946,False,False,0.04986219213852017,0.01538582218673401,False,False,0.03292715740020391,0.08094286340550605,False,False,0.05653542797693542,-0.029295880425912024,False,False,0.07186605346569447,-0.01855521091184187,False,False,0.06075036237762291,0.030884394433984497,False,False,0.02804192098080121,-0.06472382502423812,False,False,-0.08984425191967232,-0.11932476048288798,False,False,-0.02172167016981752,0.033818094722324665,False,False,0.004858815854946422,0.018333885762872093,False,True,-0.06869958745576321,-0.012158072258091401,False,False,0.022638625473782703,0.009222131812571588,False,False
Study_ID_numeric,45,7,hit,False,True,0.04482198337790422,-0.006330262599438363,0.25131091035502373,-303.2854223810723,-298.40544069498003,LOSO information criteria are reported only as reduced-dataset exploratory values and are not directly comparable to the full-data baseline.,-0.002122847615880996,0.0045917075649217765,False,False,0.01586591328515835,0.004713323859863117,False,False,0.011040079849456822,-0.011392816936733663,False,False,-0.07241374214414975,0.015076940400394534,False,False,-0.04662241997190103,-0.013329536702435085,False,False,-0.0031987748649316694,-0.03489890059837153,False,False,0.0012416469258595408,-0.0040179504252111364,False,False,0.006467925175152683,-0.026531102416372132,False,False,0.01534731722736793,0.014824165158487723,False,False,-0.13822607661679798,-0.05803383833819886,False,False,0.019239536152449166,-0.041654268546617246,False,False,0.019179947955814236,-0.10078788572211117,False,False,0.04906217818929326,0.04604737211659504,False,False,0.04435210954635377,-0.04690938277658896,False,False,0.21705754521234977,-0.039227293926585194,False,False,-0.014033384427781348,-0.031251453600603885,False,False,,,,,0.07473544123750572,-0.03928185476567103,False,False,0.11291668607893779,-0.06768382507550141,False,False,0.25131091035502373,-0.0040145135921672015,True,False,-0.01205968470429046,0.021793096158953418,False,False,-0.02786824666392193,-0.04886728585415501,False,False,0.0191713315820341,-0.004214922200578453,False,False,0.00017239586209635838,-0.0033385426087418624,False,False,-0.05001496821183338,0.0002689136576068396,False,False,-0.017297093703360633,-0.0037113628714677827,False,False
Study_ID_numeric,2,10,hit,False,True,-0.030516619861062466,-0.007256843356498344,0.24881370486246435,-302.01194925406264,-296.8500604068713,LOSO information criteria are reported only as reduced-dataset exploratory values and are not directly comparable to the full-data baseline.,0.01753716700286409,0.008644683419728683,False,False,0.017736291610041643,0.04710044370303068,False,False,0.024778446168044276,0.01245698628087899,True,False,-0.0014431107455878944,0.05706038721686202,False,False,-0.036714178106316664,-0.11226296425513649,False,False,0.02081368168307267,0.018234924448267797,False,False,0.02310291661272662,0.057497752968606264,False,False,0.02725764889571785,0.0020309512912151106,False,False,0.10011691806107348,-0.15977727916185547,False,True,0.19572323031613503,-0.06276772074466974,False,True,0.021100871615045425,0.0018572157122633826,False,False,-0.02422687402755838,-0.02477808766643541,False,False,-0.025776883672203876,-0.11931551054936218,False,False,0.029185916635870723,-0.04111034768598998,False,False,0.049097762501284004,-0.06549275611598437,False,False,-0.24881370486246435,-0.013101031587644307,False,False,0.09887859284285827,-0.12213149523852218,False,False,0.03826199233712824,-0.05323615014037264,False,False,0.028494376312920677,-0.04266861682891809,False,False,0.03902703793931342,-0.014278646881900503,False,False,0.011262346554205917,0.24399630455915755,False,False,0.005861986281971404,-0.1587303693788309,False,False,0.010039712483617569,-0.0050979258863474985,False,False,0.002221087426236251,0.00327686527035706,False,False,0.012829191704633702,0.0032811667988479343,False,False,-0.017625708242054006,-0.0026319896101898443,False,False
Study_ID_numeric,30,12,hit,False,True,0.10121328054193501,-0.007857333461984695,0.23210766810585334,-298.57544069145774,-293.97624587576564,LOSO information criteria are reported only as reduced-dataset exploratory values and are not directly comparable to the full-data baseline.,-0.004975131477926883,-0.015985139119337965,False,False,-0.02926224040815839,0.03184097217826842,False,False,-0.008326621881529361,-0.025447415866189704,False,False,0.06296725487022137,0.6736067163254926,False,False,0.00020954075133558514,0.17100091496042058,False,False,-0.010475049948692083,-0.008593547901930787,False,False,-0.007667085336284907,-0.013881039143146978,False,False,-0.009534753228445825,-0.04112117023598039,False,False,0.13471278307052126,-0.1126380224467689,False,True,0.010221293235145867,-0.022193134009135473,False,False,0.014381149411647531,0.05213328188439803,False,False,0.0011645179135524875,0.03682008956004701,False,False,0.002261025364676872,0.011865407729342081,False,False,0.07202994730991191,0.0221871207470401,False,False,0.019701200017578968,0.010204318479636765,False,False,0.010080823931680083,-0.001191315686494665,False,False,-0.0017171484793431224,-0.09276454919683852,False,False,0.04964912683457104,-0.037157945077664234,False,False,-0.0087706857162409,-0.03568760222535072,False,False,-0.23210766810585334,0.01315305013490331,False,False,0.030237953346212952,0.26991530700033994,False,False,0.05611753503273702,-0.09165991158904685,False,False,0.0940276078529605,0.0002652763920851231,False,False,0.0010071942117089727,0.0015252277680335435,False,False,0.035361971622661414,0.02609803932402399,False,False,-0.020028231735333968,-0.0016406909007126158,False,False
Study_ID_numeric,22,9,hit,False,True,0.0766174863320872,-0.00044078818672677045,0.19899885332580852,-312.41628201627395,-307.6599410528876,LOSO information criteria are reported only as reduced-dataset exploratory values and are not directly comparable to the full-data baseline.,-0.03301229371066075,-0.009718637050133427,False,False,-0.08811046053368143,0.045089140476514356,False,False,-0.10343189477948295,-0.02994560146716374,False,False,-0.08164153380175598,0.03152796809145997,False,False,-0.041477712321046856,-0.06743991585364295,False,False,0.19899885332580852,-0.028429773292600213,True,False,-0.05824880496097812,-0.05222988503877524,False,False,0.04248166702898912,-0.02836983756861544,False,False,0.002972986114084142,-0.013012358813011105,False,True,0.008143309470932114,-0.048709161979284765,False,False,0.01237738077504158,0.020115274286659712,False,False,-0.04173435195118508,0.01649075948380485,False,False,0.0028080514862491857,-0.06357770708278743,False,False,0.012130895489140592,-0.055061778294002384,False,False,0.01797087256604729,-0.029133418074509976,False,False,0.014451987266327904,-0.03160158313385075,False,False,0.009218516937487709,-0.021131331296399214,False,False,0.01494692392919672,-0.07423708121421457,False,False,0.022741691291178645,-0.036962981618157364,False,False,0.012297857216659436,-0.00844486379092535,False,False,-0.00933992514074438,0.15517002305824246,False,False,-0.054016986187245736,0.020647751370685086,False,False,-0.00047336099626249517,0.0013435984390388067,False,False,-0.025760987983927522,0.010600486175972701,False,True,-0.01554133209931452,-0.009660077380775789,False,False,0.0023513562479711148,-1.4992229662946777e-05,False,False
Study_ID_numeric,14,4,hit,False,True,-0.00625000648388685,-0.0009742813687267926,0.19429723249352093,-315.27168928164053,-310.9585498831109,LOSO information criteria are reported only as reduced-dataset exploratory values and are not directly comparable to the full-data baseline.,-0.0011584979840348966,0.012665650377862825,False,False,-0.01910409295453852,0.02623067830183823,False,False,-0.007033445541056669,-0.0009972159173288198,False,False,0.048813672460530366,0.11543244649645867,False,False,-0.041553761822930205,0.12547992073227565,False,False,-0.010197719763206464,-0.0006728268143549876,False,False,-0.0041491452072518475,-0.010565132138649957,False,False,-0.005211485752864453,0.009965185353940864,False,False,,,,,0.19429723249352093,0.03469506940309319,False,True,0.08513887222566968,0.06590260732922992,False,False,0.08202374016960123,-0.00938751033217411,False,False,0.06697707783082585,-0.033776728703668546,False,False,0.10696941259126225,0.07599303479535102,False,False,0.14729301328346786,0.05392306044487727,False,False,0.15828992793338215,0.09195644719897933,False,False,0.15643290995734072,0.06498909785260754,False,False,0.12089776061123514,0.031781983383625256,False,False,0.14521717356113048,0.05725007505868707,False,False,0.1411717564212326,0.09223409678723682,False,False,0.07803079798611931,0.1563196450508828,False,False,0.09652973364375084,-0.11455153820362263,False,False,0.0018249711212247055,-0.005533829677599467,False,False,0.002004583787745956,0.0023502609090589044,False,True,0.016913228048432538,0.005583737309999615,False,False,0.00014638089717011749,-0.0006767999062454733,False,False
Study_ID_numeric,41,12,hit,False,True,0.006972233909071868,0.0019772490975968893,0.17031662224400784,-315.48988292659965,-310.5421194708475,LOSO information criteria are reported only as reduced-dataset exploratory values and are not directly comparable to the full-data baseline.,-0.010685087303632816,0.0744305334107973,False,False,0.001710841083053638,0.11684538299024227,False,False,-0.009180938380205768,0.08162441192678971,False,False,-0.0029671864852334195,0.0768706883791177,False,False,-0.05783658308863218,0.13657547334152653,False,False,-0.010477292861746978,0.04690837702428219,False,False,-0.008120795271963244,0.07614032647979041,False,False,-0.005137648729004643,0.06309700558563902,False,False,-0.005261665683689465,-0.0018902127961162307,False,False,0.000891623895099225,-0.04350520883743103,False,False,0.0026675965528399626,0.03786167885130176,False,False,-0.007265228909343391,0.08890096432942762,False,False,0.004114960185519045,-0.05523602353004353,False,False,0.007212255510209875,-0.022758201285594026,False,False,-0.17031662224400784,0.1274587457716363,False,False,0.013341773074576069,-0.020564301034207588,False,False,-0.02421045775138886,0.03685207443526517,False,False,0.013923011421173692,-0.025616556196804918,False,False,0.04161795892564879,-0.006100527575851,False,False,0.004499280508416331,0.023378293272270145,False,False,0.003035415048048981,0.17814671003872107,False,False,0.005426849794042593,0.04383538131555742,False,False,-0.0066173151566562005,0.0029944577572534326,False,False,0.0011864208085306527,0.010605599273921518,False,True,0.013543248761126891,0.010864012950955404,False,False,0.012616027251979633,0.0057805904982665135,False,False
Study_ID_numeric,19,7,hit,False,True,-0.04648823452766759,0.00022051130706035593,0.16454734630205015,-310.8534820909083,-306.12149627849124,LOSO information criteria are reported only as reduced-dataset exploratory values and are not directly comparable to the full-data baseline.,-0.012889645023739543,-0.025070257292037823,False,False,-0.16454734630205015,0.06172823505695835,False,False,-0.019057624053744594,-0.011626792303078393,False,False,0.0562616095117634,-0.027156123174267854,False,False,0.039823313913633335,-0.030076773988148453,False,False,-0.018051274269612533,-0.0353960692970432,False,False,-0.009317626254262412,-0.003955259500415309,False,False,-0.014832364949615193,-0.032867489001904726,False,False,-0.02225111872526564,-0.024023508628988388,False,False,-0.024281393825932085,-0.12608875474684922,False,False,0.0023356500329899943,-0.00411899140098182,False,False,0.015621980414257275,0.013325220896502898,False,False,0.052063248865330536,0.06150902301282102,False,False,-0.020633093085562604,-0.10197158497955838,False,False,-0.026396261559806178,-0.10812143874951952,False,False,-0.02052783733331509,-0.09364469875573755,False,False,-0.025468664342942926,-0.08946014235099131,False,False,-0.020662582330160106,-0.10130240124549417,False,False,-0.02896323459138933,-0.09522012628833787,False,False,-0.024481832775215567,-0.08295186217440254,False,False,0.026947330053971298,0.1707795083035295,False,False,0.005548492076795752,-0.2331270833280943,False,False,-0.0039630077665596675,-0.005974754772542223,False,False,0.0007429969225280636,0.006378835768241775,False,False,-0.02735030127190452,-0.01197697317498081,False,False,-0.00474882622965489,0.00014407483751299743,False,False
Study_ID_numeric,10,4,hit,False,True,-0.01723650726800674,-0.006247094950074583,0.14104972160755025,-314.60353589926683,-309.7836102615444,LOSO information criteria are reported only as reduced-dataset exploratory values and are not directly comparable to the full-data baseline.,-0.0046953831616217655,0.0031680571474614894,False,False,-0.0039100410633392535,0.07593496314260229,False,False,-0.007186441704567828,-0.008384640026243506,False,False,-0.009007779148760608,0.17863521900127655,False,False,0.0068307892586220165,0.2206203328102836,False,False,-0.01052303458523643,-0.04764611298715682,False,False,-0.00844420127935891,0.011360403180363576,False,False,-0.006924915776961957,-0.00467223692590002,False,False,-0.000414924848976872,-0.05343680809425155,False,False,0.03801805584188467,-0.04038961692548737,False,False,0.05111168833004581,0.10072016288382457,False,False,-0.04521990686377178,0.001265632211904233,False,False,-0.0283906522618369,0.09095337155601779,False,False,0.00707673786980334,-0.04038162202830131,False,False,-0.011643217466332567,0.02286054970267548,False,False,0.14104972160755025,0.04861212993357267,False,False,-0.0005096310933092596,-0.0006986564304032328,False,False,-0.01261165979720752,-0.04633171693320692,False,False,-0.041228248487944374,-0.01224708873176139,False,False,-0.021002068678346003,0.020130229931139887,False,False,-0.0181766577929391,0.13197014686184172,False,False,-0.010472108380230605,-0.09011591812573805,False,False,-0.010297807741703635,-0.007453416443139516,False,False,1.9613350451780365e-05,0.007530079395205919,False,True,0.03380259188163515,0.034119327529881005,False,False,-0.0024385721262978333,-0.0018734157040610766,False,False
Study_ID_numeric,12,6,hit,False,True,-0.022672378762165657,-0.004169287029061053,0.124947376590832,-311.1031623231595,-306.2691301953885,LOSO information criteria are reported only as reduced-dataset exploratory values and are not directly comparable to the full-data baseline.,-0.0020421400014189045,-0.008202847366941768,False,False,0.0039431213302975054,0.08469266945182952,False,False,-0.0064647102232265,0.022158664619989832,False,False,0.016505485160896782,0.0857514513952724,False,False,-0.010125739104052484,-0.03372386972228014,False,False,-0.007443667110954677,-0.0021087479702295298,False,False,-0.007591984044428457,0.014164699897600386,False,False,0.004171506333063998,0.005471294603340393,False,False,0.006221308472398102,-0.024327902706293703,False,False,0.031104783478438258,-0.019906794035816855,False,False,0.024286487531582635,0.07043370521278902,False,False,0.0506724959323151,-0.07351818507973729,False,False,0.031059598063910787,0.07877614776738096,False,False,0.11020865509832933,-0.008208308942532216,False,False,0.016339748463263748,-0.0023895196004772856,False,False,0.044273033416303176,-0.02458050358022623,False,False,0.013884194075833856,-0.04302152513963309,False,False,-0.124947376590832,-0.006627008103382348,False,False,0.005155685356156736,-0.021867101108502762,False,False,0.006636894946642602,0.007868360840089128,False,False,0.02325365519904573,0.16233223531676888,False,False,0.04404417993133106,-0.020416940742745915,False,False,0.00044655278904082163,-0.0048273935985949645,False,False,-0.0003005096273150931,0.005282490961122294,False,True,0.014041940289807986,0.010703769275023145,False,False,-0.005685471069767911,-0.002626298053599707,False,False
Study_ID_numeric,4,8,hit,False,True,-0.04215253926636464,0.002007817875065321,0.12028431308398951,-314.27887871158225,-309.4910628981912,LOSO information criteria are reported only as reduced-dataset exploratory values and are not directly comparable to the full-data baseline.,-0.12028431308398951,0.09081417875336228,False,False,0.10328649853220095,0.07592763922348444,False,False,0.08779022275598795,0.07356120964631652,True,False,0.03495345399145444,0.05397050298820982,False,False,0.041015378580402245,0.080699730987706,False,False,0.021396018062580305,0.04849331001501467,False,False,0.046594785233699254,0.05022419228172659,False,False,0.03354693645163714,0.034570815309747704,False,False,-0.0038569243416330945,-0.046047279356766335,False,True,-0.02965355311504292,-0.06376488731254781,False,False,-0.02679861712421222,0.021471969237061295,False,False,0.025100961221579066,0.020763125200233823,False,False,0.06532613377320562,0.06310495450050979,False,False,-0.025917162105420166,-0.04519584508355301,False,False,-0.020290816050387794,-0.015854441642078054,False,False,-0.027822077798609346,-0.012748034512607198,False,False,-0.004520229944197984,0.01592913133858964,False,False,-0.026030865342817455,-0.0572542459398897,False,False,-0.05048544176634312,-0.05501066549217626,False,False,0.0824197802553705,0.05263996254002512,False,False,-0.042320552549549514,0.06248907995181163,False,False,-0.016320453287659964,0.03917164327954481,False,False,0.00536116044891477,0.005432915529568261,False,False,0.0020926460931876556,0.004718820071959673,False,False,0.0008355992926987188,0.0021317333758064105,False,False,0.003367645598978064,0.0022863412431646246,False,False
Study_ID_numeric,26,12,hit,False,True,-0.11914075266804502,0.004109538511980482,0.11914075266804502,-311.18760738159176,-306.3610566226376,LOSO information criteria are reported only as reduced-dataset exploratory values and are not directly comparable to the full-data baseline.,-0.01298552699621399,-0.03807463717731485,False,False,0.043018655417574325,0.016553231040396188,False,False,0.0172505886369894,-0.04978689906718303,True,False,0.05586523122097731,-0.007272558761364678,False,False,0.004826174430678787,-0.24112372655748882,False,False,-0.014561912570969143,-0.07171294518070814,False,False,-0.07349235905830026,-0.030785790347084507,False,False,-0.007406571477128587,-0.03799912309303943,False,False,-0.012165531610994096,-0.0019056768899945453,False,False,-0.04278434838367162,-0.08297792504247559,False,False,0.02052305447994951,0.0023346045081078515,False,False,0.05419252623731147,0.017077294484839634,False,False,0.0037393523158504305,-0.07451127552649606,False,False,-0.00942679364974397,-0.04825773594654681,False,False,-0.046534739374941014,-0.008906324723543246,False,False,-0.044526438454299266,-0.016370612391303663,False,False,-0.054039695860696624,-0.011818645353804502,False,False,0.07545371124414826,-0.030889959034746894,False,False,-0.08078618248871117,-0.047671310587138915,False,False,-0.04358884153437717,-0.012891756274338473,False,False,0.016499763736611113,0.10672641981630804,False,False,0.04595391527612597,-0.3312055027444414,False,False,-0.02399330206634087,0.0040632145229087535,False,False,0.0018298208740186311,0.0076696008234659885,False,False,-0.018159980136546627,-0.006379319454430599,False,False,0.0051663132346098095,0.003256906613471666,False,False
Study_ID_numeric,11,4,hit,False,True,-0.022501531159082155,0.0032281426089690868,0.11547358784033912,-312.87699721512354,-308.5803957494366,LOSO information criteria are reported only as reduced-dataset exploratory values and are not directly comparable to the full-data baseline.,0.0010741676011910284,-0.019736886825511668,False,False,0.023942672637456586,-0.055306403491059974,False,False,0.0028482654201491594,-0.045432772411583056,False,False,0.04870257491696561,0.04213406628178529,False,False,-0.05572292786426017,-0.03312792157367195,False,False,-0.0006932822635406788,-0.06414797964832619,False,False,0.00884633713247951,-0.009733938860042812,False,False,0.0034137243089828045,-0.04165567218567956,False,False,0.03878294517822489,-0.07186223672746683,False,True,0.014857141519747041,0.009562187231066499,False,False,0.061147031117102124,0.05918514304315181,False,False,0.041076318693436864,0.045430817091353326,False,False,0.018492530276460473,0.15544297858790124,False,False,0.04261048445284055,0.03131199461296008,False,False,0.07845855095126769,-0.001990066941240265,False,False,-0.11547358784033912,0.0723735252863067,False,False,0.049925096827036275,-0.05674906882253339,False,False,0.0693155630795165,0.020103264474729876,False,False,0.10907545270397617,0.03499117093544024,False,False,0.07323106948661678,0.022502444287709533,False,False,0.011976518323098422,0.062352973993441196,False,False,0.019350571291831598,-0.10965014852050103,False,False,-0.00876534532983475,0.002603248492791921,False,False,0.0008384013641596078,0.0015045473820485822,False,False,0.0033357296165930084,-0.006100319330410331,False,False,-0.0033032390268981082,-0.002907931481351045,False,False
Study_ID_numeric,24,4,hit,False,True,-0.011718404511463554,-0.005681214026258097,0.10296662123851286,-315.22177084065277,-310.7614407465545,LOSO information criteria are reported only as reduced-dataset exploratory values and are not directly comparable to the full-data baseline.,0.00166565582428373,0.03424874161269731,False,False,0.0032586047235216853,0.05154893107411951,False,False,-0.0011640469696996506,0.023263636783959818,False,False,0.014928517457929225,-0.0559478549243142,False,False,-0.021428566622425177,0.14357119763030823,False,False,-0.005897244239899846,-0.01711082234012551,False,False,0.002774238726191647,0.02981003232465884,False,False,0.004585521338093812,0.022005525653762792,False,False,-0.011706520191526515,-0.09932652016949772,False,False,0.01641364239556553,-0.08290170747106718,False,False,0.005469376143471705,-4.899129385815826e-05,False,False,-0.019079115368738103,-0.033041162774543054,False,False,-0.003059910643542496,-0.16144689570167525,False,False,-0.0724330764960045,-0.055287480097530484,False,False,-0.0034462723300223708,-0.06376497614166077,False,False,0.10296662123851286,-0.053697233002217626,False,False,0.0020481307474733423,-0.04361981078754251,False,False,-0.03290954990468642,-0.06234001493472219,False,False,-0.004357949786677584,-0.0695817856026828,False,False,-0.013449834138265115,-0.0421813068111585,False,False,0.015138477404983551,0.12629762658456034,False,False,-0.004255133140688094,-0.020846983574852374,False,False,0.007940894980546731,-0.002056359339734748,False,False,0.0021074183723083367,0.007505880959763844,False,True,0.020896065194196956,0.006612038804683751,False,False,-0.0013316863376051646,-0.0003107867200682346,False,False
Study_ID_numeric,18,15,hit,False,True,-0.007175980213517619,0.002629843762859352,0.08706550889749498,-311.06962626146657,-306.47614887707897,LOSO information criteria are reported only as reduced-dataset exploratory values and are not directly comparable to the full-data baseline.,-0.021299260316418288,0.058859150505325974,False,False,-0.0010970234808190815,0.07856259293848566,False,False,-0.01905014806191275,0.020762270958760265,False,False,0.05464310832922825,0.053197570818186435,False,False,-0.08141981037093907,0.021758563393088792,False,False,-0.0017701305264631595,0.012915076610423792,False,False,-0.02102299743498559,0.04862720375248486,False,False,-0.03664705222902516,0.04598500336607758,False,False,-0.04909311445597142,0.024877675356800744,False,False,-0.057502337466963205,-0.016563092173115468,False,False,0.052979430872130584,0.1399234905340787,False,False,0.018783356338821167,0.11654411752404137,False,False,-0.08706550889749498,0.1478630874261233,False,False,0.024140348995750238,0.019475137570203138,False,False,-0.026874530025839116,0.024978324213028813,False,False,-0.03170531808828658,-0.0038469375474341483,False,False,-0.04153123671597231,0.029752830491105886,False,False,-0.0068779128730089845,-0.013625927827298767,False,False,-0.03525089345098864,0.015743334012695342,False,False,-0.028781472708043765,0.016685627200581976,False,False,0.0015823387742153333,0.12710922899805066,False,False,0.028576053461104922,-0.13424074048378287,False,False,-0.014046521359517561,0.01957887753750409,False,False,0.022022122556786955,0.022442242338565566,False,False,0.019864158815833033,0.02651312971025832,False,False,0.010078544472877371,0.003988812518803786,False,False
Study_ID_numeric,48,3,hit,False,True,-0.028369017758921977,-0.0023367117296650974,0.08677020308745709,-317.2765297168839,-312.5785505707914,LOSO information criteria are reported only as reduced-dataset exploratory values and are not directly comparable to the full-data baseline.,-0.019800407017290654,-0.025862285690361198,False,False,0.0022465095149074576,-0.01631807874913438,False,False,-0.013843259168625348,-0.013269055382244321,False,False,0.02016995776797126,0.002183572687147972,False,False,0.013519382814391162,-0.09126978204560299,False,False,-0.027463016130385348,0.009160075567983927,False,False,-0.013483916088740722,-0.0016008330294599027,False,False,-0.00813318406826291,-0.014238741156180179,False,False,0.06411899071502813,0.0524020953581843,False,True,0.06538297845647001,-0.006980328433318306,False,False,0.08677020308745709,0.04223350632829348,False,False,0.056609070346730794,-0.038547936163555896,False,False,,,,,0.06657893960854033,0.041757409079444585,False,False,0.06722122338261982,-0.009001089743168489,False,False,0.06962085253008132,0.040491046392817864,False,False,0.06315976863311462,0.053055433688771636,False,False,0.0699132849536094,0.03923150651419771,False,False,0.06870292226791863,0.03596024282572596,False,False,0.0666454764735562,0.06964743383898053,False,False,0.07270603408715337,0.3477905454251662,False,False,0.02790968644452163,-0.3274814853445802,False,False,0.0009716997849833486,0.0014004779629876452,False,False,-0.010533258953052474,-0.0004953566728324865,False,True,-0.0014898875132891565,0.0006962717605156765,False,False,0.0010794140430273602,-0.001923307043920408,False,False
Study_ID_numeric,6,4,hit,False,True,0.02547794874945364,0.00042389264471420773,0.08186962899312167,-317.7873795461944,-313.42593735573337,LOSO information criteria are reported only as reduced-dataset exploratory values and are not directly comparable to the full-data baseline.,-0.008888976650732273,-0.05013444918882248,False,False,-0.015201155687314283,0.021586548975981223,False,False,-0.02362920165020068,-0.040417567621548134,False,False,-0.0374347786330409,0.07832892646290368,False,False,-0.08186962899312167,0.07556279717137837,False,False,-0.02194711965337423,-0.05636673344460652,False,False,-0.020224736367685514,-0.007734745076092953,False,False,-0.016369225349958924,-0.03219895079138313,False,False,0.03344706677945042,-0.016807063536012468,False,False,0.020135367700794826,-0.11930398762807348,False,False,0.025582572608189247,0.011962227242550583,False,False,0.00032159916427498825,-0.13706615582074377,False,False,-0.021275044381151575,-0.09062967673209243,False,False,0.024545038491813553,-0.08130682101206865,False,False,0.026468909051378164,-0.08014679424095972,False,False,0.02014620487190444,-0.06176228229035319,False,False,0.023445493600356915,-0.08431376842891458,False,False,0.04799287673986005,-0.10924387914227252,False,False,0.028699524432971302,-0.10094779484412264,False,False,0.014497958000943473,-0.031375926531853615,False,False,-0.012969001321638342,0.23216855123193447,False,False,0.010987348117891232,-0.055256731004068804,False,False,-0.00024262158698107328,0.0020859929210836903,False,False,0.000814968551389475,0.0018067566426235027,False,False,-0.0007165906583714854,0.018541897864623458,False,False,0.0034127670989958503,0.0017979760466954042,False,False
Study_ID_numeric,23,7,hit,False,True,-0.07476407736544921,0.00023495606613899156,0.07476407736544921,-315.6241799271535,-311.09598069675405,LOSO information criteria are reported only as reduced-dataset exploratory values and are not directly comparable to the full-data baseline.,-0.03585655287540636,-0.01055884263765261,False,False,-0.00565827752542547,0.06764874727009396,False,False,-0.04009522533136724,-0.04014999992857371,False,False,-0.008051398077765004,0.09776931631389907,False,False,0.01496429996443438,-0.06931336820370504,False,False,-0.04457918845411174,-0.030281146979183937,False,False,-0.04599535465811999,0.020695339775254507,False,False,-0.03859655118630996,-0.015042834386316706,False,False,0.0008310602786927301,-0.07866775614981503,False,False,-0.006529173322392001,-0.07339085960905845,False,False,0.06576849537142804,0.06461498302287616,False,False,0.028599185026814355,-0.11972339131706455,False,False,0.05054504536611315,-0.007690240277288929,False,False,-0.027552614539502862,-0.0751133300431559,False,False,0.004231657486329421,-0.0366498628037899,False,False,-0.0021072115575135886,-0.010828845965162426,False,False,-0.00013983291804986475,0.0008386563899249744,False,False,-0.007961634814194873,-0.048124644377324444,False,False,0.0008216576772789308,-0.032886498058814606,False,False,0.003910085421734266,-0.010303814957282498,False,False,0.023771222115535277,-0.031574558642595285,False,False,0.05776865906666939,-0.10661068362518389,False,False,-0.00019227646714470303,0.013178804237777009,False,False,0.002080715740394548,0.0071283920691377345,False,False,-0.04010724193692039,-0.022871142351759577,False,False,0.0049776637267644475,0.0037031021287857735,False,False
Study_ID_numeric,15,5,hit,False,True,-0.0018586311654757992,-0.00102906611199316,0.07251030302086768,-310.049593661909,-305.20042533963834,LOSO information criteria are reported only as reduced-dataset exploratory values and are not directly comparable to the full-data baseline.,0.01041789458385824,0.01434127076287428,False,False,0.0002316880725504733,-0.008798034036018088,False,False,0.00704656691854497,0.020781568829877806,False,False,0.013031200597059645,0.0966755931975758,False,False,-0.07251030302086768,0.016012768530997867,False,False,0.0006630286125337004,-0.01654629623684345,False,False,0.006336147688033089,-0.023367886531190596,False,False,0.008724270177223187,0.021507289057361767,False,False,-0.014962221305545587,-0.05821548648672836,False,False,-0.04340009638360531,-0.05792109066208484,False,False,0.017481509361841174,0.07201840995293729,False,False,-0.015228439602022414,0.09391702406128744,False,False,-0.016847819907589212,0.038800786354861394,False,False,-0.05911660200551372,-0.09913492397555634,False,False,0.021947834741872507,-0.07518078850028331,False,False,-0.014948093043244848,-0.06120286180738965,False,False,-0.002317851733582066,-0.05613696703353677,False,False,-0.004958276941968154,-0.10009308261580951,False,False,0.04904387084810147,-0.05691155337277287,False,False,0.006477989778538806,-0.03293071112242396,False,False,0.004524972278085543,0.05560924670164091,False,False,-0.0026352506598840975,-0.0552731165777125,False,False,0.002642870977102696,-0.020771737744326668,False,False,0.0008867949427879135,0.0037949494663089556,False,True,0.013597488111684264,0.002192187534414858,False,False,-0.010227955838850944,3.6140517396088256e-05,False,False
Study_ID_numeric,40,8,hit,False,True,-0.065240900189667,0.0030901646767054203,0.065240900189667,-315.52558968446533,-310.78018732319873,LOSO information criteria are reported only as reduced-dataset exploratory values and are not directly comparable to the full-data baseline.,-0.04082601899411125,-0.03459723302042672,False,False,-0.01794035076288547,0.05964282857360148,False,False,-0.04477775857823807,-0.03357747382781007,False,False,0.005389713509464933,0.10749216042809362,False,False,-0.02206097715911684,-0.054379764597753955,False,False,-0.04677763015703548,-0.04633258835018772,False,False,-0.049796066390974,-0.053558231978037885,False,False,-0.04637290582026274,-0.05119014558943835,False,False,-0.019550364559552724,-0.05963807793970499,False,True,0.005715962794962226,-0.05607562438476199,False,False,0.05916842660224042,0.09308330333467651,False,False,0.035684480278480424,-0.12131725040031682,False,False,0.03862992314031799,-0.05831375139861361,False,False,0.0016343909339925355,-0.04760281023554214,False,False,0.009926810944378361,-0.03738778317207769,False,False,0.006983168234881099,-0.04248391621146075,False,False,-0.0009179151215695236,-0.0003565465110404453,False,False,0.0014317406262071009,-0.07251070159417328,False,False,0.006046390451349859,-0.02811305065798697,False,False,-0.0164881550115894,0.00038234762332711725,False,False,0.024111682398902066,0.12214475174466699,False,False,0.023789492274146756,-0.013583540479388034,False,False,-0.011684297391694187,0.009595737936604176,False,False,0.0018155799927228322,0.0055398084269085435,False,False,-0.000671059767463511,-0.008820241355776304,False,False,0.006565905586653598,0.004582115240245099,False,False
Study_ID_numeric,27,3,hit,False,True,0.018165823611177245,-0.0018899589370535708,0.06449999551992755,-317.9398345442196,-313.3252948910215,LOSO information criteria are reported only as reduced-dataset exploratory values and are not directly comparable to the full-data baseline.,-0.02238120360352034,0.017095665300875584,False,False,-0.02183741376103776,0.07741253289338124,False,False,-0.018926493534277382,0.006369641559598627,False,False,-0.04190132079198561,0.1579289447170229,False,False,-0.04959637438647796,0.016281896945169017,False,False,-0.02385336610935168,0.004445157802546618,False,False,-0.010014534007804554,0.018911227059219105,False,False,-0.014613881218755648,-0.0014129471966985996,False,False,-0.005022133163631759,-0.0635126248439768,False,False,-0.007739575894343043,-0.06358135271335152,False,False,-0.02284044289598225,-0.10379429889133984,False,False,-0.06449999551992755,-0.02235975171925908,False,False,-0.006553204056526374,-0.06074930059254502,False,False,0.0031608404561010994,-0.020989977261304915,False,False,-0.0031932159920224357,-0.036509428993490634,False,False,-0.0029573657783869,-0.02081460915359079,False,False,-0.0034542279017938937,-0.06172715831221476,False,False,0.0012680669961539492,-0.03721325527782726,False,False,-0.0034396461328750627,-0.04527065757045623,False,False,-0.007812492782372338,-0.029883297564861078,False,False,-0.05139966228326584,0.04336707822915731,True,False,-0.003431833901828385,-0.06206021836657705,False,False,0.00013222618045072299,0.0010737319868576178,False,False,-0.0003514709385741971,0.0010645847736797942,False,False,-0.008663766082071644,0.0013651732884820689,False,False,0.0013274559616655024,0.0015936211453658755,False,False
Study_ID_numeric,46,3,hit,False,True,-0.009261902097053465,0.0027319746323568594,0.0629297661005292,-318.51632774077723,-313.66663445981277,LOSO information criteria are reported only as reduced-dataset exploratory values and are not directly comparable to the full-data baseline.,-0.03530831172327839,0.10031116140172713,False,False,-0.008740371014817838,0.07059057048307871,False,False,-0.02772146462387657,0.08965357191596679,False,False,0.008558642089481427,0.10286931715949432,False,False,-0.028418999441729403,0.1457693425965063,False,False,-0.028259618623391936,0.08032072641861987,False,False,-0.026873025674173823,0.10760977667028904,False,False,-0.02855984973525126,0.07579666292500642,False,False,0.005421826313160016,0.038434420312187356,False,False,0.003847181901575625,0.012273785041180041,False,False,0.0629297661005292,0.07948857301729007,False,False,0.037268647614785155,0.06884655966654485,False,False,0.020728069891854606,0.04811533217458308,False,False,0.00305309344015825,0.01815969968075626,False,False,0.011023722674646519,-0.013164323350596252,False,False,0.007369740282337056,-0.006905889629543083,False,False,0.00144857618105515,0.013929163222420105,False,False,0.004089491535459955,-0.022157403108213014,False,False,0.003923229481308688,-0.02009198046202565,False,False,0.005854713013037305,0.031921774315865736,False,False,0.0044770993647973295,0.0868374921487245,False,False,0.0043556185825335825,0.09724245931411879,False,False,1.1996056995533522e-05,-0.014576137487715413,False,False,0.0006744054020429574,0.007204054518114095,False,True,0.01688088572919777,0.016883972230059108,False,False,0.0025150695361857434,9.455707250560774e-05,False,False
Study_ID_numeric,42,3,hit,False,True,-0.02556410718942903,0.0004221256240715121,0.06224173349931822,-319.2911035622152,-313.8885346075341,LOSO information criteria are reported only as reduced-dataset exploratory values and are not directly comparable to the full-data baseline.,-0.038761801922247006,0.030798491644962844,False,False,-0.013211215448409086,0.045387038538995395,False,False,-0.045191495762644314,0.057065658635147454,False,False,-0.01589543584081854,-0.03196774128693214,False,False,-0.01238901690240074,0.06479773297746316,False,False,-0.0467339849434186,0.02568360328229602,False,False,-0.04946427042800777,0.05094862854382143,False,False,-0.04448040944520318,0.04710915192704457,False,False,0.0261563716765707,-0.08382139698163682,False,False,0.026505408164467004,-0.10590079534582886,False,False,0.0594068639257328,-0.02838116906770516,False,False,0.06224173349931822,-0.04703148200660401,False,False,0.0035687441268634768,-0.09562769602278198,False,False,0.02788444666921769,-0.10499404711423432,False,False,0.027466343789336656,-0.09033356700840356,False,False,0.030935000393672918,-0.10148608293305461,False,False,0.01730642450865122,-0.0724084507269449,False,False,0.028738782881932823,-0.10083591545855919,False,False,0.02887937903582577,-0.08651202753431964,False,False,-0.001992358130969346,-0.06528610367321042,False,False,0.04449446679351706,-0.011417607607132396,False,False,0.048346766582075956,-0.06988278146523719,False,False,-0.0034814640021476606,-0.002784469534136136,False,False,-0.0007737818309066918,0.004755489530202661,False,True,-0.012451731638862595,-0.006100415760424527,False,False,0.002310863712679967,-0.0009287787691437677,False,False
Study_ID_numeric,31,1,hit,False,True,-0.007062443036033095,-0.0024400503008346064,0.0613380700473487,-318.0866217211328,-313.8421060598115,LOSO information criteria are reported only as reduced-dataset exploratory values and are not directly comparable to the full-data baseline.,-0.013383152087596197,-0.05431406271455774,False,False,0.006844007356810455,-0.020409075177538316,False,False,-0.01905593778109374,-0.052795473932960135,False,False,0.0011734239826952653,-0.02610924040565532,False,False,-0.0038958433867273545,0.05850701192052288,False,False,-0.023982761211612497,-0.061980947658775154,False,False,-0.021595039397906357,-0.048623829712021394,False,False,-0.015406085084704993,-0.07265015914191908,False,False,-0.00940321571057634,-0.11953851269186089,False,False,0.0002788778621383159,-0.01373438420682449,False,False,0.03658270048287515,0.055957681450126806,False,False,0.042703286277150476,0.006040173852197128,False,False,0.0613380700473487,-0.1030269769126706,False,False,-0.01885539231622413,-0.028335692378778976,False,False,0.0042109246847542026,-0.020697389474662042,False,False,-0.0008836976952374398,0.005373133845482325,False,False,0.006744472541673374,-0.05107023395752597,False,False,-0.004369089372986967,-0.0029000554552105484,False,False,0.0014283677524183913,-0.027049865780685245,False,False,-0.0020673042181878487,-0.030271176012692802,False,False,0.015357604194887943,0.05966814891102423,False,False,0.0260707419724375,-0.23620615666052913,False,False,-0.0030098965600373617,-0.010538645945013358,False,False,-0.0003829645037860263,-0.00036100345412543033,False,False,-0.012905632948981394,-0.007030876827027299,False,False,-0.00023245396442406197,0.0019492990930924936,False,False
Study_ID_numeric,43,2,hit,False,True,-0.001766859492749795,-0.0037391643869817415,0.05990048095429623,-317.04883954199966,-312.5640711079677,LOSO information criteria are reported only as reduced-dataset exploratory values and are not directly comparable to the full-data baseline.,0.009587251446313528,0.014516668554700018,False,False,-0.007519741100014632,0.06737983645207146,False,False,0.0035851001469643182,-0.00012645008485545617,False,False,0.05990048095429623,0.06393288368698613,False,False,-0.007070091966591835,0.01346673257535258,False,False,0.005350328501284196,0.003622525540692756,False,False,0.007963294493384399,0.013077239390271611,False,False,0.010038743266769984,0.017538196878000623,False,False,-0.010983612264988452,-0.022650646121811224,False,False,-0.006149591943910182,0.02657224326587526,False,False,0.02025769639623698,0.11352598514795442,False,False,0.005897530553504338,-0.12272186892361425,False,False,-0.013607385124858595,0.12902948183552088,False,False,-0.010706741566355982,0.002182453121294614,False,False,0.0018051459573606432,0.008935519337210707,False,False,-0.0028634863251931764,0.017415513408010952,False,False,-0.0009476533308642732,0.004798591587810819,False,False,-0.006224756890005345,0.026013544928602972,False,False,-0.005187538837388983,0.030241113443649326,False,False,-0.007290071583557239,0.0258184275102864,False,False,-0.014322925801889257,0.08827564870302318,False,False,0.030056612774727626,-0.08124257955521053,False,False,-0.0037628023843491176,0.00802038920555831,False,False,-0.00014116979860534506,0.003602295068883904,False,True,0.01825133825270453,0.005453495417451437,False,False,-0.00033918598883631024,-0.0005343365754499896,False,False
Study_ID_numeric,9,4,hit,False,True,-0.020781431975516185,-0.0003559593326816213,0.058782946160202854,-317.4760862683332,-312.38950222391253,LOSO information criteria are reported only as reduced-dataset exploratory values and are not directly comparable to the full-data baseline.,0.011197493972310603,0.0070939331195933875,False,False,-0.018003247980990844,0.055375530672000295,False,False,0.011395809877483589,0.019142670038876375,False,False,0.01194297031240854,0.1375694174990887,False,False,-0.005168824875714906,0.06894247333143166,False,False,0.006564039393189364,-0.019147967769998164,False,False,0.01320512125312634,0.025268297933438433,False,False,0.01516721249291475,0.02566519467059214,False,False,-0.020170247680338482,-0.05506226306154183,False,False,-0.04303181044526083,0.005483314917955617,False,False,0.02347455850607416,0.05993108840733097,False,False,0.015187144536415509,-0.02297115635740532,False,False,-0.015330571022516004,-0.05115579161444561,False,False,-0.008155923209893778,-0.0025651074330022006,False,False,-0.0020850472819508026,0.03781264397779838,False,False,0.058782946160202854,0.030141316471171464,False,False,-0.016793856480934122,0.020611669532430543,False,False,-0.004934076829873624,-0.01485224019181608,False,False,-0.0030784136792224026,0.03203838975572815,False,False,-0.00791973260861642,0.054684604834358996,False,False,-0.0009682797661781373,0.08980874848241704,False,False,0.01128248605703841,0.01967412971059801,False,False,-0.011227020534940513,0.005757071452224205,False,False,0.00033904996038328084,0.003909510311622205,False,False,0.022064415835354234,0.029076454988251177,False,False,0.0008764385761619309,-0.000652047867521266,False,False
Study_ID_numeric,35,3,hit,False,True,0.002623145804863114,0.0024235638414351612,0.05733747434784631,-316.28068734242987,-311.1792470571122,LOSO information criteria are reported only as reduced-dataset exploratory values and are not directly comparable to the full-data baseline.,0.018123344671564696,-0.005594727511840869,False,False,-0.008578941767024006,0.012868248175425201,False,False,-0.013890114716772874,-0.025549457230424455,False,False,-0.020408592351004007,0.1950681981417901,False,False,-0.01805206804897,-0.038366100809416714,False,False,-0.02099643699149578,-0.06999798499996324,False,False,-0.05733747434784631,-0.004940010803160977,False,False,-0.016249970145428685,-0.020248436088964095,False,False,0.015835293200865408,-0.062001520500249985,False,False,0.032070966115354094,-0.0444713686648841,False,False,-0.006562648652486375,0.029659261908082435,False,False,-0.04786592823628394,0.02785813126553549,False,False,-0.012176250063313576,0.2334435934989738,False,False,0.01986199718335685,-0.01974788103631564,False,False,0.018728507402617445,-0.03433062619042504,False,False,0.02673037963289515,-0.02519563943991221,False,False,0.01992439127967699,-0.044087755700195075,False,False,0.024927948085600615,-0.036426899831211834,False,False,0.023688385356161468,-0.028168379765021623,False,False,0.01664736193110275,-0.0069768470650490855,False,False,0.007956384867378305,0.19804422252096998,False,False,-0.014792102435695953,-0.2148377295269679,False,False,-0.0006313979245229362,-0.0032087393871376158,False,False,0.0007087361940131404,0.005166920479617476,False,True,0.007238229477906755,-0.009163575979345362,False,False,-0.0015574074054505171,-0.00177986005077857,False,False
Study_ID_numeric,39,8,hit,False,True,0.020667681059915566,0.000628433565855957,0.05534756538993291,-311.201283013746,-306.59561431028493,LOSO information criteria are reported only as reduced-dataset exploratory values and are not directly comparable to the full-data baseline.,0.0038634516121055437,0.033350842679925385,False,False,0.011964869282226231,0.04819281969441214,False,False,0.010459673987217859,0.0663480434319248,False,False,0.0005422933788827855,0.13007598654725872,False,False,-0.009723521838965937,-0.0023055006293883906,False,False,-9.494201734358554e-05,-0.004354925766093309,False,False,0.0049486733582113085,0.05108745858816954,False,False,0.006919452002188409,0.0036063823664176375,False,False,0.04663530091970336,-0.031244229206263796,False,True,0.017442237744518807,-0.08902168997675153,False,False,-0.00819253189143676,-0.0641026665767157,False,False,0.026042047913616195,-0.037065695056497816,False,False,0.05534756538993291,-0.12139645774605601,False,False,0.020700912706724417,-0.09132517237626647,False,False,0.021049220025654514,-0.05339305791316695,False,False,0.018764704619273043,-0.0744942586624413,False,False,0.028825464678725043,-0.10758326426854792,False,False,0.014810651769911753,-0.10510643906558537,False,False,0.015133951548849112,-0.09825136953910718,False,False,0.014650033331082307,-0.08262911263162698,False,False,-0.012126924569294421,0.08187629659109419,False,False,0.015117757889486855,-0.16869390149766517,False,False,0.034632765457694226,0.008910841202339037,False,False,0.0017309631580287171,0.0008243917446769666,False,False,0.005708081887158878,0.015363494699636382,False,False,-0.002402347671797256,0.0017212591387559817,False,False
Study_ID_numeric,32,1,hit,False,True,-0.003114412153306212,0.001332746928926376,0.05499684472189723,-318.9282164028046,-314.2593704746548,LOSO information criteria are reported only as reduced-dataset exploratory values and are not directly comparable to the full-data baseline.,-0.017431728430631177,0.005774049170499396,False,False,-0.010930632768010207,-0.00411260969206495,False,False,-0.022693359190565393,0.012548584952806419,False,False,0.02502862088173119,0.020999477083328166,False,False,-0.05330655927338819,0.04846084822592989,False,False,-0.023265216033221153,-0.060387987929701126,False,False,-0.017223582478888,-0.009380684559942676,False,False,-0.015353882781841077,-0.03458381345858941,False,False,0.014221700580903551,-0.05510806406168678,False,False,0.008050978707267231,0.02360805755474349,False,False,-0.01281866285963551,0.05729301774522355,False,False,0.006906811549235281,-0.1010799346481921,False,False,0.027414372969869705,0.06858178449360164,False,False,-0.0005106591035934915,0.05700180662857024,False,False,0.017061446900101196,0.042750920752093524,False,False,0.012452978688986982,0.05063621396422091,False,False,0.015532996262182741,-0.02904661811762166,False,False,0.007059674688787876,0.03572283648271046,False,False,0.013452305032329692,0.03644366192806903,False,False,0.010486706036938187,0.0978295283968218,False,False,0.05499684472189723,0.09486071007329322,False,False,0.033842472105113736,-0.20583165561521266,False,False,-0.0024890360232115993,-0.006983020574141796,False,False,-0.0008814135071615187,0.0034723290194716705,False,True,0.0005424038634429529,0.003923096181121188,False,False,0.00014598017091183024,0.0006707616186518717,False,False
Study_ID_numeric,38,3,hit,False,True,0.001671844019509372,-0.0029732649455462834,0.04773968109104482,-317.5391798659605,-312.98459409912255,LOSO information criteria are reported only as reduced-dataset exploratory values and are not directly comparable to the full-data baseline.,0.0038636106042916375,-0.059064840730588486,False,False,-0.0037221540444223322,0.02422418743023691,False,False,-0.013613961869509443,0.0009463479426141674,False,False,0.04287866697916076,0.08702683794134192,False,False,-0.03716668589732798,-0.005726452720300479,False,False,0.008087581469233107,-0.04269684173524402,False,False,-0.0039054034524445003,-0.007632870203310382,False,False,0.04773968109104482,-0.0154995347149387,False,False,-0.00217730710243047,-0.0005889016574061046,False,True,-0.006582786422384523,-0.054672225916699624,False,False,0.011562587143456649,0.04259554489727524,False,False,-0.0011506932907287548,-0.011411158482310668,False,False,-0.01862913285221901,0.04414591782139787,False,False,-0.010911857037755546,-0.0407104806186398,False,False,0.0028233844116052342,-0.030076876493962512,False,False,-0.00557762896764491,-0.008907620942924854,False,False,0.0020015635951471378,0.01456127898694115,False,False,-0.009304313930041386,-0.03612210359193391,False,False,-0.002642601712756043,-0.02870917717017285,False,False,-0.009152985028894722,0.006699024843617618,False,False,0.012265551913328357,0.24777602237556628,False,False,0.022576570914108834,-0.11141680946771348,False,False,-0.001398177021034952,-0.0025948075732381004,False,False,0.0032638238302847566,0.00842378172910635,False,True,0.017906043604012822,0.018175825792487776,False,False,0.0025390424061429995,0.0008490632003130827,False,False
Study_ID_numeric,28,3,hit,False,True,-0.010843574893280028,-0.0010007155397673273,0.04693526693359473,-318.78264657731455,-313.9004651780533,LOSO information criteria are reported only as reduced-dataset exploratory values and are not directly comparable to the full-data baseline.,0.01734660745348653,0.04890075497495516,False,False,0.013550300962642925,0.07615386318916784,False,False,0.01834065666391598,0.07742341719408286,True,False,0.0038161126163851478,0.17431858077650375,False,False,-0.012353315423430294,-0.0065466675057779256,False,False,0.01133242410288779,0.029642611374401273,False,False,0.015291002625337335,0.08546308962900717,False,False,0.018585996425925608,0.026912838977928732,False,False,-0.008670068046600754,-0.0559356289063917,False,False,-0.005967533384531931,-0.08981391939195937,False,False,0.00572204830164777,-0.0038409742705560745,False,False,-0.023661851610861567,0.10641984852345221,False,False,-0.04693526693359473,-0.011956317933632832,False,False,-0.007128374757418343,-0.09062273105002161,False,False,-0.0017532800577254037,-0.11163948801908052,False,False,-0.00203182379164768,-0.07399333683208642,False,False,-0.008312546361207207,-0.13530073704379353,False,False,-0.0035987453957190274,-0.05543869652856781,False,False,-0.004757350582930087,-0.07804291335520475,False,False,-0.002660839970836132,-0.027263898186765,False,False,-0.005972064228641716,0.008893549688414382,False,False,0.017004186311182307,-0.033857446878871045,False,False,0.0010254109520174692,0.00550106898741437,False,False,0.0006655761112550479,-0.00013965005244886974,False,False,0.019814487461348618,0.014096645664717578,False,False,0.002913142690979642,0.002761152624739971,False,False
Study_ID_numeric,44,4,hit,False,True,-0.00762915208380921,0.0003340365021520242,0.04615472357190781,-317.6467570039614,-312.8691763493566,LOSO information criteria are reported only as reduced-dataset exploratory values and are not directly comparable to the full-data baseline.,-0.00534141311765168,0.01283781088664604,False,False,0.010822383694777005,0.04476613025079246,False,False,-0.002540367533054446,-0.003606504179871184,False,False,-0.01311582989229576,0.020044381830532032,False,False,-0.04615472357190781,0.02146426138601676,False,False,-0.005846525558182797,-0.04345967419323893,False,False,-0.0005546226201208482,-0.025677164940760555,False,False,0.000645425613460815,-0.036515396325440985,False,False,-0.00594664338995976,-0.01562376554055911,False,False,0.02151858272878393,-0.005144677942741538,False,False,-0.01968178796808273,0.07330467343100366,False,False,0.004074761113516012,0.11331724566192403,False,False,0.027200852608911807,0.14950255723305172,False,False,0.019130322831949653,0.01367996194147425,False,False,0.025838111557675847,0.04684573723678431,False,False,0.027246055404766323,0.05098561067371499,False,False,0.022314483213319747,-0.019510331437355255,False,False,0.018265962485912057,0.02968349553275873,False,False,0.022345581816012594,0.04711835950844856,False,False,0.01765765840404898,0.04394797429403452,False,False,,,,,0.008384390417908533,-0.1605852819678768,False,False,-0.01352602188393015,0.015283996783168885,False,False,0.0007814926983813614,0.00606685063560769,False,False,0.008555314231536881,0.012419922048442222,False,False,0.0025748129949568765,-0.0008525224802685694,False,False
Study_ID_numeric,36,2,hit,False,True,-0.004673899541412396,-0.0022747291695797145,0.04388458685571628,-317.5939619770876,-312.96020441263784,LOSO information criteria are reported only as reduced-dataset exploratory values and are not directly comparable to the full-data baseline.,-0.03605412506197469,0.05258099560813356,False,False,-0.028634246082907433,0.03776809852441687,False,False,-0.039484767853437505,0.04931339043320504,False,False,-0.04388458685571628,0.06753070045434129,False,False,-0.043364036179803334,0.14176378589933503,False,False,-0.04281049486482111,0.004769356133746072,False,False,-0.037699011358954315,0.06345786865857583,False,False,-0.03282792017348929,0.04434143213494979,False,False,0.0008687787512868805,0.03723855685995492,False,False,0.005924786989091824,-0.06000105298496239,False,False,0.02297662880910567,0.11637628451053228,False,False,-0.03316003108404955,0.013221438598021606,False,False,0.027714081184345707,0.0030345619778602284,False,False,0.0041959151757868796,-0.056853474089184175,False,False,0.016385418930970397,-0.004479225697966438,False,False,0.009518030790370946,0.006454656756817112,False,False,0.016322333755600438,-0.04913223219492657,False,False,0.005518307116075927,-0.0367072053046722,False,False,0.01017816712381353,-0.031005515629324965,False,False,0.0055560667447282774,0.0073286831350340975,False,False,0.018982426560129072,0.17641732313878045,False,False,,,,,-0.0011470793989103445,-0.001141056441189503,False,False,-0.004267984272437547,0.002647894437386472,False,True,0.004598280160406754,0.004860080589789817,False,False,0.0003543536186522145,-0.0004401556955514474,False,False
Study_ID_numeric,37,1,hit,False,True,0.007530601328009645,-0.004681215656186843,0.03915073218621888,-320.15648882100777,-315.4350156005087,LOSO information criteria are reported only as reduced-dataset exploratory values and are not directly comparable to the full-data baseline.,0.010908566410463746,0.043118707215464624,False,False,0.012529355344524207,0.07368205535529704,False,False,-0.005614972892822754,0.042037335062591996,False,False,-0.015132360247066323,0.09214644377524728,False,False,-0.03915073218621888,-0.04739308898870931,False,False,-0.00992491107193827,0.028311128484639347,False,False,-0.006539830031631888,0.049267435590028,False,False,-0.0030857696834814125,0.033078628662571496,False,False,,,,,,,,,,,,,,,,,,,,,,,,,,,,,,,,,,,,,,,,,,,,,,,,,,,,,,,,,-0.010230215892867545,0.003955580032982242,False,False,0.00018555624308731755,0.003655229789331943,False,False,-0.020591616498280674,-0.01840772820263048,False,False,0.0019535201593802176,0.0014749276170196168,False,False
Study_ID_numeric,8,4,hit,False,True,-0.017338251384982684,0.004586689439046054,0.038618305245841575,-317.7957323767398,-313.3688773029602,LOSO information criteria are reported only as reduced-dataset exploratory values and are not directly comparable to the full-data baseline.,0.01599426474113219,-0.01294213818278278,False,False,0.032455433156388935,0.04318815102667051,False,False,0.01858385426392601,-0.004871916105963603,True,False,0.035445644678849586,0.057445484684165216,False,False,-0.038618305245841575,-0.018534055787590376,False,False,0.01322285322365016,-0.014066036070961463,False,False,0.01967136427406352,0.008820329241954195,False,False,0.017610423871797898,-0.03994688485020159,False,False,-0.017337804592945316,-0.03190980527173881,False,False,-0.010955691327024675,0.03530243405363587,False,False,0.006668776031960977,0.025295951620101675,False,False,-0.0033268910129125584,-0.011458398901231348,False,False,-0.004849839037612158,0.006737426768471444,False,False,-0.01603723482628472,0.05427961776343215,False,False,-0.007625896397820853,0.03992265212784307,False,False,-0.008022164019771072,0.06620641350208967,False,False,-0.006842316850492136,0.02472263578877021,False,False,-0.014428271233010104,-0.0045715194651179125,False,False,-0.010490207715430244,0.013213192135634877,False,False,-0.01228287910759529,0.053262622277718386,False,False,-0.013317713184931322,0.2040696460134095,False,False,-0.007449299588369956,-0.20243139444564662,False,False,-0.0051388081617183,-0.0007791672453051346,False,False,0.0007226041441117381,0.004651275200475119,False,False,0.017551580511252274,0.017390579863984845,False,False,0.0036943831171880603,-3.959789643215306e-05,False,False
Study_ID_numeric,20,4,hit,False,True,-0.005297097307880527,0.003511135544947308,0.03746457808259912,-318.1297505467476,-313.2465063416505,LOSO information criteria are reported only as reduced-dataset exploratory values and are not directly comparable to the full-data baseline.,-0.0036250788768587144,0.015112518436241729,False,False,-0.023919805624420865,0.08473343314976844,False,False,-0.029251413974571684,-0.0002739717013198195,False,False,0.009601085570488,0.03325620381158245,False,False,-0.010776346280160942,0.08215756637701599,False,False,-0.027421718702532433,0.011115783723691042,False,False,-0.03746457808259912,0.015345216520269656,False,False,-0.018066587445253468,-0.011347794326506566,False,False,-0.016811254266661635,-0.032626634214453,False,False,0.004434015715174655,-0.0507982483289009,False,False,0.0037063202119718974,0.13316953457446878,False,False,0.0013607619323653952,0.09459016727121927,False,False,-0.036761281706395144,0.08187833358440688,False,False,-0.0010314950015632984,-0.061293299802300805,False,False,0.009762451299758612,-0.051955736400660424,False,False,0.006884296602356232,-0.03359094772367266,False,False,-0.002789117396337304,-0.0004282798669019705,False,False,-0.006269862170760365,-0.07384061629388894,False,False,0.01201032228292298,-0.05605488162135597,False,False,0.002517030446954921,-0.0015436718311687692,False,False,0.00970779854803814,0.2187406987138214,False,False,0.0015839892629568864,0.17853381914157396,False,False,-0.0013771421836712427,0.003874493828436909,False,False,0.0003507164775790744,0.003943738582177503,False,True,0.019458815683465636,-0.005064311250329689,False,False,0.003908315084019898,0.0009345019265863952,False,False
Study_ID_numeric,33,2,hit,False,True,-0.00104068906028143,-0.004963530529795257,0.037022037177131914,-316.6077469147493,-311.83518624465347,LOSO information criteria are reported only as reduced-dataset exploratory values and are not directly comparable to the full-data baseline.,0.008427312389749156,-0.009262128901043276,False,False,0.011471956147752871,0.04521779358295497,False,False,0.00787107218727063,-0.05371306694677713,False,False,-0.01536056772389971,0.03712627634241006,False,False,-0.037022037177131914,-0.06780358009755982,False,False,-5.38933600491287e-06,-0.04989587178292698,False,False,0.008129118792021384,0.010129172409696352,False,False,0.009279341937922944,-0.04669018533959246,False,False,0.0116228845822961,-0.09132871499350959,False,False,-0.0001712462427427841,-0.05862560575760556,False,False,-0.02500426590924551,0.19187811572672242,False,False,-0.01761377019126223,-0.02638189311843142,False,False,0.0039835592377464035,-0.007954750145375833,False,False,-0.0041997310443229185,-0.03512691869831297,False,False,-0.00040730795453242097,-0.03151249420443536,False,False,0.016312689478543807,-0.005127278054025908,False,False,0.009406501471737494,-0.003616843916759649,False,False,0.0017676574703712755,-0.07713683635457835,False,False,0.0037713613263358203,-0.04410888624694387,False,False,-0.0075586363663990574,-0.03143287412617246,False,False,-0.005617791231045943,0.03008427666704705,False,False,-0.0037236873117421077,-0.11039287869945191,False,False,0.011898221123859187,0.008443783365595814,False,False,-0.00022938441049767666,0.005482937318483844,False,True,0.00893907951279549,0.02192641757915914,False,False,-0.0018512057111802482,0.0004130496094288949,False,False
Study_ID_numeric,7,3,hit,False,True,-0.008202074164482376,-0.003383738953312232,0.034226565558875405,-317.82787027951224,-313.23538710437,LOSO information criteria are reported only as reduced-dataset exploratory values and are not directly comparable to the full-data baseline.,0.002479019874246313,0.05003703194187814,False,False,0.006702722040236031,0.10458798971268868,False,False,0.0023296541967097583,0.05740620867377322,False,False,-0.010609720048715854,0.19665664370769775,False,False,,,,,-0.005352177978744571,0.033786033992809106,False,False,0.001954104060047923,0.07319971613505949,False,False,0.0017740164816581194,0.059487763275476,False,False,-0.015083000424367166,-0.10804020269301429,False,False,-0.003231863115935263,-0.03920731358166263,False,False,0.009906033061135744,0.10460193025129438,False,False,-0.034226565558875405,-0.024374538342851082,False,False,0.016466934370662267,-0.12019757659510955,False,False,-0.0006422571236450736,-0.04063406630636113,False,False,0.00620723831341391,-0.053862193919231416,False,False,-6.611217151253346e-05,-0.0010598574929439053,False,False,-0.0012749487922120162,-0.06388959180745202,False,False,-0.0009580726983612342,-0.06012186859251045,False,False,0.0010664826191749688,-0.050116968961968045,False,False,0.0006179572065735384,-0.02943253357826059,False,False,0.004095931858714756,0.16021106689539888,False,False,0.006548352928821166,-0.1551568940921264,False,False,-0.002635981698821177,-0.005969973163785558,False,False,-0.007351844881800185,-0.0001839007243004953,False,True,0.008180965195691448,0.006376104618110778,False,False,0.0027175048819482184,0.002115323569895855,False,False
Study_ID_numeric,21,3,hit,False,True,-0.008668799597313814,-0.0033878195948053857,0.03224387842879428,-318.4356108526873,-313.7298566579409,LOSO information criteria are reported only as reduced-dataset exploratory values and are not directly comparable to the full-data baseline.,-0.013180558737112331,-0.06010657293447208,False,False,0.0005273208641192184,0.06297347730191749,False,False,-0.01354310874535286,-0.009138954394545706,False,False,0.023330767093726834,0.10766917485830074,False,False,-0.01534980107355069,0.014253105542093358,False,False,-0.015677622926942608,-0.011637525368720869,False,False,-0.012482514111936682,-0.008366396692299993,False,False,-0.013290684374034453,-0.0610042026013593,False,False,-0.015181861258842355,0.035607577786572975,False,False,-0.02344220252592033,-0.016087220778691513,False,False,0.0028802648490193483,0.03625759215896629,False,False,-0.02319439996617384,0.053866350794505635,False,False,0.003217377399072241,0.08772701145350137,False,False,-0.02157401201843845,-0.029875817071784105,False,False,-0.019368362483599855,-0.05565395097905723,False,False,-0.02167534824703443,-0.020445024259193367,False,False,-0.0270681893711312,-0.050504397869276296,False,False,-0.02093086759281071,0.006435073673585645,False,False,-0.02000145733239661,-0.03904641181771762,False,False,-0.02880977863760556,0.003689318569214617,False,False,0.020155516003223788,0.1166561791071814,False,False,0.03224387842879428,-0.04696165794680773,False,False,-0.0012878659676369697,0.005037365158407581,False,False,-0.0006324022499008125,0.0009683733797936356,False,True,0.016845865030725937,0.003714445102466879,False,False,0.002363724710080728,-0.001091061772434232,False,False
Study_ID_numeric,47,5,hit,False,True,-0.024395639816923165,-0.0012699315896931296,0.027278010925704477,-317.0382153272302,-312.4746898357508,LOSO information criteria are reported only as reduced-dataset exploratory values and are not directly comparable to the full-data baseline.,-0.006777648702282587,-0.0072909308458402045,False,False,-0.003448998743776799,0.003682068751083456,False,False,-0.006735490505982758,-0.05743532358412429,False,False,-0.006038972300802303,0.01266594583099323,False,False,-0.012507272358471516,-0.09705554760686486,False,False,-0.011178503584516997,-0.06229541631196289,False,False,-0.0038153299800508522,-0.00782741228972661,False,False,-0.006806872807824285,-0.06154152888028985,False,False,0.001443613820733658,-0.035815745813929656,False,False,-0.0014715872706728694,-0.036860854155763345,False,False,0.02459137098939096,0.04836340932323324,False,False,-0.007931539299409152,-0.06436913684065182,False,False,0.027278010925704477,0.0886146797608216,False,False,-0.0021956541617280667,-0.042829033163365615,False,False,0.003461199871387044,-0.025966638771546258,False,False,0.002226348868591854,-0.021218032860728986,False,False,-0.010065113713598806,-0.04970718193148471,False,False,-0.0009851338926326059,-0.06316380774782404,False,False,0.0025475094231618423,-0.025346046728005334,False,False,-0.00028516793208549496,-0.016249313795444476,False,False,0.0005864388414264926,-0.044101805551026274,False,False,-0.014046720473410546,-0.15010946494123445,False,False,-0.0030442479987065063,-0.006037802253188562,False,False,0.001514621617845227,0.0012215532148828756,False,False,0.013272702541036407,-0.011481377085082789,False,False,0.004211180181764251,0.0018014604797420564,False,False
