metal,c_water_asia_ug_L,n_water_bodies,emvp_mean_ug_L,r_water_mean,r_water_hdi95_lower,r_water_hdi95_upper,percent_c_water_mean
Cd,17.75,129,0.0047,0.00026,0.00011492,0.00044595,0.026
Pb,92.7,153,0.0073,7.9e-05,3.6024e-05,0.00013112,0.007899999999999999
Ni,54.84,89,0.0042,7.7e-05,2.9104e-05,0.00013762,0.0077
Hg,4.17,31,0.00022,5.3e-05,2.1756e-06,0.00025462,0.0053
As,178.3,60,0.0049,2.7e-05,4.4206e-06,6.6717e-05,0.0026999999999999997
Mn,967.8,42,0.015,1.6e-05,3.3672e-08,5.2032e-05,0.0015999999999999999
Cu,345.9,113,0.0047,1.4e-05,6.1434e-06,2.2388e-05,0.0014
Cr,383.9,102,0.0031,8.1e-06,1.7682e-06,1.712e-05,0.0008100000000000001
Zn,889.6,122,0.0045,5.1e-06,1.949e-06,9.015e-06,0.00051
